cell_lat,cell_lon,cell_az_deg,cell_el_deg,cell_txpwr_dbm,cell_id,hTx,hRx,cell_carrier_freq_mhz,nRx
47.4768359,-121.759,285,4,23,1,20,2,1800,3113
47.4768359,-121.759,100,4,23,2,20,2,1800,3113
47.48333,-121.76663738,50,4,23,3,20,2,1800,3112
47.478,-121.77,90,4,23,4,20,2,1800,3106
47.48533,-121.757,150,4,23,5,20,2,1800,3109
