{
    "total_ticks": 24,
    "tick_duration": 1,
    "time_weights": {
        "type_1": [
            0.24538152676058478,
            0.8604779747560933,
            0.13090026650534659,
            0.48220694849858636,
            0.8420000380800298,
            0.5370932673212756,
            0.3700898790700462,
            0.9879756207765097,
            0.13487934876939622,
            0.07279803177141608,
            0.4770411170301262,
            0.9055847434621144,
            0.7110261513631481,
            0.7829060695818842,
            0.6340170025815086,
            0.44587961481395766,
            0.282315606084634,
            0.48931464697395965,
            0.45095986991143255,
            0.5242509077967609,
            0.1729088772041184,
            0.13406647154318063,
            0.4889224465064548,
            0.980432521066792
        ],
        "type_2": [
            0.8116605717924522,
            0.32072912102947093,
            0.1476937133067029,
            0.19567483379773787,
            0.9743976253968955,
            0.06823514499272221,
            0.2614939900240205,
            0.3590119182936262,
            0.8083383813870035,
            0.06961976001155612,
            0.49430443357341913,
            0.893081820746984,
            0.7795242803475375,
            0.016255908183645307,
            0.6715877791112629,
            0.2245963168639339,
            0.3782812664789802,
            0.9935826584353223,
            0.4213371226044066,
            0.6019185705583192,
            0.21153501343450754,
            0.04071035034536241,
            0.7708505216850549,
            0.1347990172725223
        ],
        "type_3": [
            0.35695227172114063,
            0.21725541244025126,
            0.2941533935174433,
            0.6758331864497732,
            0.37690750719172794,
            0.12711799128629253,
            0.9559932490162432,
            0.5321914714127874,
            0.07723794989484312,
            0.6553186662027412,
            0.6385609092201661,
            0.2804901499418997,
            0.8041079842011696,
            0.9744714596271391,
            0.8805933462106031,
            0.7632758019751265,
            0.18068261607374314,
            0.6224218095264333,
            0.03872169115436375,
            0.7220626702287085,
            0.4016377585585189,
            0.2903505980721841,
            0.3093329560507998,
            0.7258170044019744
        ]
    }
}