{
    "total_ticks": 24,
    "tick_duration": 1,
    "time_weights": {
        "type_1": [
            0.7742396250849438,
            0.26035920225182285,
            0.15199067542158584,
            0.9381066417929268,
            0.3392333608320164,
            0.0035871442802252185,
            0.07695351915685056,
            0.6618788151418722,
            0.7079171008580966,
            0.18188231506681307,
            0.8864803966474342,
            0.4343580972490625,
            0.5459725849415098,
            0.3380006259215882,
            0.1824138827577222,
            0.8633016447011684,
            0.1353286383452803,
            0.9731191174861051,
            0.10408798816343046,
            0.5653371842646215,
            0.08065679673617143,
            0.3475783161571889,
            0.3703887994924512,
            0.6438428905850874
        ],
        "type_2": [
            0.3979395895182465,
            0.49155078301976873,
            0.5152615565640735,
            0.28349654224514265,
            0.7899308831513787,
            0.6832902245189765,
            0.17848615477137808,
            0.8340001174042423,
            0.2476938943050555,
            0.6403949687031787,
            0.6981478765837674,
            0.360027753748977,
            0.8515776930025509,
            0.3485772177027522,
            0.43979126694610127,
            0.47775702571020817,
            0.6738706904274596,
            0.24830643193011448,
            0.7201886637132016,
            0.9121931974578203,
            0.9609541542820695,
            0.0027880198131602363,
            0.7123864173614558,
            0.8321470070036233
        ],
        "type_3": [
            0.9408449553895576,
            0.49987597419724117,
            0.565064327629702,
            0.66986215658526,
            0.46222618744831356,
            0.03748323315944935,
            0.40239077483900243,
            0.06685538133921543,
            0.05319315952008741,
            0.3760767688786403,
            0.09186431124261007,
            0.0211299989446897,
            0.49487260621694384,
            0.8460380915285123,
            0.7701954327852278,
            0.6913787681873776,
            0.8968611789358787,
            0.652915157066505,
            0.9320742075847288,
            0.9746473549307755,
            0.9933786522710755,
            0.6535918939666127,
            0.18219336156976784,
            0.197969344450467
        ]
    }
}